Age,Gender,Smoker,Drinker,Tobacco,Addiction_Years,Disease,BMI,Exercise_Days_per_Week,Sleep_Hours,Body_Damage_%,Life_Expectancy
33,Male,0,0,0,0,Lung Disease,30.5,7,4.43916524648895,24.49,64.2
18,Male,1,1,0,18,Lung Disease,24.0,7,4.838429576634131,53.42,49.2
23,Male,1,0,1,9,Liver Disease,22.3,1,4.45724122708333,37.47,59.6
34,Female,0,1,0,29,None,22.2,5,7.6678069947549785,21.95,66.2
71,Male,0,1,1,30,None,25.6,3,8.13392449960843,46.83,49.1
46,Female,1,1,0,27,Liver Disease,27.7,2,5.849374257451774,70.35,39.1
75,Female,1,0,0,6,None,32.9,1,6.143370310942547,3.95,69.8
49,Male,0,1,0,5,Liver Disease,27.1,3,8.081142579153152,19.58,67.2
45,Male,1,0,0,5,Liver Disease,23.0,0,5.198069489990381,29.8,59.4
36,Female,1,0,1,29,Heart Disease,21.0,3,7.097047182076607,68.19,42.3
56,Male,0,0,1,14,Diabetes,18.4,3,5.570114440367851,27.33,61.8
63,Male,0,0,0,0,None,32.9,5,6.739421173281018,-1.33,75.0
40,Male,0,1,1,5,Diabetes,31.5,4,7.917248252744541,27.87,60.5
24,Female,1,0,1,25,Diabetes,33.7,2,6.407288955488644,55.07,47.1
62,Male,1,0,0,13,Liver Disease,26.8,6,6.6362327583110154,31.26,57.3
20,Male,1,1,1,18,None,24.5,6,7.409031184700229,47.93,51.9
64,Male,1,1,1,26,Liver Disease,27.8,6,8.376497827022574,79.13,33.8
64,Male,1,1,0,7,Diabetes,34.8,7,4.964256901238815,28.6,59.6
63,Female,1,0,1,4,None,31.2,4,4.60217394575685,3.88,72.4
53,Female,0,1,0,22,None,22.8,6,6.6674267553028965,20.45,67.3
22,Male,0,0,1,1,None,33.5,1,6.553507995040281,1.66,78.9
31,Male,0,0,1,2,Liver Disease,23.7,4,8.063738173111709,25.67,64.2
80,Male,0,1,1,18,Lung Disease,28.4,4,7.150309439738347,40.75,50.3
50,Female,1,1,0,21,Liver Disease,20.0,7,4.3819905438338465,59.12,46.3
34,Female,0,1,0,27,Liver Disease,30.7,2,4.374608247892654,43.25,54.0
40,Male,1,0,0,4,Heart Disease,31.3,4,4.319956338822806,27.33,61.9
51,Male,0,1,0,10,None,19.1,3,6.200320127326582,12.36,67.1
19,Female,1,1,1,17,Lung Disease,18.5,3,5.310327341418526,56.36,52.5
80,Male,0,0,1,15,Liver Disease,28.3,0,7.659629406414141,25.01,57.2
80,Male,1,0,0,8,Heart Disease,30.0,6,8.973721366610413,32.87,57.5
76,Female,0,0,0,0,Heart Disease,18.3,7,8.489605724359535,17.52,64.8
37,Male,1,0,0,11,Heart Disease,20.4,0,8.131163368800774,33.36,59.9
46,Female,0,1,0,20,Heart Disease,24.9,2,8.06501637250443,31.09,62.1
56,Male,1,1,0,11,Lung Disease,29.3,0,4.821777263446656,40.28,55.7
32,Male,0,1,1,26,None,29.0,2,6.435270930625858,34.6,60.2
29,Male,1,0,1,11,Liver Disease,34.1,7,7.816248982577157,42.59,58.8
27,Male,0,0,1,19,None,18.5,4,7.716899017572661,11.2,73.8
63,Male,1,1,0,10,Lung Disease,27.0,3,8.703375828072206,37.92,57.4
39,Male,0,0,0,0,Lung Disease,23.1,7,7.041416405390063,24.93,62.0
41,Female,1,0,1,10,Diabetes,21.3,5,7.1224104957546315,40.0,58.1
77,Female,1,0,0,9,Liver Disease,33.7,5,7.53733104003806,25.06,62.6
62,Female,1,1,1,12,Heart Disease,31.9,0,6.009974921913672,47.11,50.0
75,Male,1,1,1,22,None,19.0,6,4.474787179125267,50.43,46.2
23,Female,0,1,1,22,Heart Disease,31.1,3,7.476383857471291,51.12,51.7
39,Female,1,0,1,16,Lung Disease,26.7,5,7.32970340539099,41.98,56.7
55,Female,0,0,0,0,Heart Disease,27.6,1,5.492349456521742,23.73,63.5
69,Female,1,0,0,19,Heart Disease,19.7,5,8.963102320994015,37.43,53.7
48,Male,1,0,1,13,Diabetes,27.7,7,8.43124475531484,41.44,51.9
72,Male,1,1,0,9,Lung Disease,19.0,3,8.281418497204474,40.39,52.0
30,Female,0,0,0,0,None,33.4,7,8.954676496958172,2.0,77.9
80,Female,1,1,0,25,None,22.2,4,6.196945540330192,46.52,48.1
48,Female,1,1,1,8,None,32.9,3,6.485165884415778,21.99,66.1
76,Male,0,1,0,26,Liver Disease,18.6,1,6.53995131320151,42.99,53.6
62,Male,0,0,1,21,Liver Disease,22.9,6,4.9336404611879425,36.12,52.9
55,Male,0,1,1,13,Lung Disease,20.3,4,4.149353247699489,35.56,55.9
29,Female,0,0,1,0,Diabetes,21.0,6,7.2423646517310765,24.04,65.9
57,Female,1,0,1,12,Liver Disease,20.3,0,5.4833843584548685,40.8,56.2
64,Female,0,0,0,0,Lung Disease,23.2,2,8.587621855879103,20.36,63.5
25,Male,1,1,1,26,Lung Disease,23.8,1,4.5872820935771506,80.88,37.8
61,Male,0,0,1,4,None,19.4,3,5.10334681838272,2.49,69.7
30,Female,1,1,1,14,Lung Disease,34.4,0,4.918731088097066,51.65,49.4
30,Male,0,0,1,19,None,24.3,3,8.706459103855419,8.68,70.1
51,Male,1,1,1,17,None,20.9,4,4.449390831997431,38.31,55.2
54,Female,1,0,0,30,Lung Disease,21.1,4,5.502028356252722,45.43,54.7
32,Male,1,0,0,12,Liver Disease,32.2,3,7.341114895686734,35.88,56.8
30,Male,0,1,1,15,Liver Disease,28.5,2,5.401542236514095,40.25,57.1
22,Female,1,1,1,29,Diabetes,33.1,0,6.972138187219334,91.38,34.4
33,Female,1,0,1,24,Liver Disease,22.9,3,6.872030319560459,56.16,48.0
27,Male,1,1,0,5,None,26.1,6,6.775234451412942,10.65,73.8
43,Female,1,0,0,5,Liver Disease,20.6,1,8.159811300611686,29.37,60.2
31,Female,1,0,0,0,Lung Disease,20.9,0,4.516513147677099,24.34,63.0
77,Female,0,1,1,9,Diabetes,18.3,4,8.58080990673503,37.52,52.8
64,Male,0,0,1,22,Diabetes,18.1,7,6.210009701560821,28.26,62.4
58,Male,0,0,0,0,Diabetes,28.5,6,5.022371990498359,22.82,65.6
67,Male,0,0,0,0,Heart Disease,22.3,2,4.436529429657644,23.05,63.3
20,Female,1,0,0,11,None,33.3,2,4.38020555955194,13.73,70.5
19,Female,1,0,0,5,Lung Disease,24.9,5,8.805010767577215,21.5,66.0
36,Female,1,0,1,7,None,22.3,3,7.910726209689819,14.36,71.4
22,Male,1,0,1,9,Diabetes,19.1,7,7.559512904646294,37.07,58.6
61,Male,1,1,1,16,None,23.9,4,4.525660201295765,39.34,53.1
39,Female,1,1,1,29,Diabetes,26.8,1,4.252640311803013,92.7,30.0
34,Female,0,1,1,21,Lung Disease,18.3,6,7.323162451067656,47.0,50.3
64,Female,1,1,0,25,Lung Disease,29.4,2,8.813861129191162,66.76,39.0
73,Male,1,0,0,7,Liver Disease,20.9,5,7.613014773495955,24.08,62.2
72,Female,0,0,0,0,Heart Disease,26.3,3,5.206643009873636,20.26,64.4
49,Male,0,0,1,30,Liver Disease,21.1,4,5.137330629704486,37.03,53.8
51,Female,1,1,0,18,Liver Disease,20.2,0,5.667820567534809,52.57,46.3
71,Male,1,0,0,22,None,19.6,7,7.193441621526884,22.6,61.3
24,Female,0,0,0,0,Lung Disease,20.9,6,7.576134943158473,24.08,67.1
35,Female,1,1,1,20,Heart Disease,26.6,0,4.128155205500025,72.57,40.0
67,Female,1,0,1,11,Lung Disease,25.5,2,6.197483713127253,41.09,54.8
41,Male,0,0,1,30,Diabetes,23.3,5,5.017700031712928,37.52,59.9
36,Male,1,1,1,7,Heart Disease,31.0,7,8.198971892596322,38.96,59.5
76,Male,0,1,0,19,Liver Disease,18.3,4,8.507303474520047,30.48,58.6
49,Male,0,0,1,30,None,30.1,6,7.699082385402354,19.86,65.9
32,Male,0,1,1,23,Liver Disease,33.8,3,7.279274597365639,55.76,49.8
25,Female,1,1,0,12,Diabetes,32.9,0,6.371214086505807,40.7,56.4
22,Male,1,1,0,12,Heart Disease,24.2,7,4.502168093215374,37.88,58.6
32,Female,1,1,1,30,Diabetes,26.6,4,6.636270685314631,88.31,30.8
36,Female,1,1,1,10,Heart Disease,27.6,1,8.417191789706644,43.55,55.2
18,Male,0,1,1,24,Lung Disease,23.8,4,6.592970881466329,51.38,54.9
43,Male,0,1,0,0,Diabetes,25.4,6,7.54066447647486,22.2,64.4
56,Male,0,0,0,0,None,26.7,5,5.581500322916662,-0.4,72.0
46,Female,0,0,1,12,Diabetes,22.2,4,4.682856383900304,28.31,59.1
24,Female,0,0,1,27,Liver Disease,26.3,0,5.064362833087667,35.3,58.8
22,Male,0,1,0,11,Diabetes,26.9,6,6.559141770238163,29.77,60.5
53,Male,1,1,1,0,Lung Disease,24.7,0,6.280538454383313,20.04,63.7
21,Female,1,1,0,3,Heart Disease,18.5,6,6.205050298742641,28.15,66.2
40,Female,1,1,1,8,Heart Disease,22.2,2,6.388520821652078,38.44,56.2
20,Female,1,1,1,11,None,21.2,4,8.42909696848022,22.15,66.5
33,Male,0,1,0,4,None,29.5,0,8.3460404623962,6.28,73.0
19,Male,1,1,0,25,Heart Disease,34.7,5,4.149042956866012,64.14,44.9
34,Female,0,1,1,2,Diabetes,18.5,7,5.033266630080701,25.66,63.4
20,Male,0,1,1,30,Lung Disease,20.0,4,5.10601157157693,58.09,49.7
53,Male,1,0,1,5,Diabetes,18.8,4,8.521512127495352,32.36,60.5
28,Female,0,0,0,0,Heart Disease,33.7,2,8.463623023472081,24.65,66.3
36,Male,0,1,0,20,Diabetes,23.8,2,8.705835475952,33.01,57.6
78,Male,0,1,0,10,Liver Disease,28.6,3,7.758650870586702,27.11,60.0
72,Male,1,1,1,29,Heart Disease,30.4,5,4.132860508916241,86.84,30.0
50,Female,1,1,0,7,Heart Disease,28.5,1,6.235112105902331,28.64,59.1
53,Female,1,0,0,11,Heart Disease,31.6,1,5.168220181947632,33.78,55.8
44,Female,0,1,0,5,Diabetes,27.7,0,8.373818671526031,25.96,61.9
18,Male,1,0,1,8,None,19.0,0,8.55032056373147,12.52,70.4
19,Male,0,1,1,22,Heart Disease,22.6,6,8.496506488583108,52.51,51.0
51,Male,0,1,0,14,Diabetes,18.8,6,8.931182116987177,34.86,55.8
28,Male,1,1,0,15,Heart Disease,31.5,4,4.150925419951887,49.25,55.5
40,Male,0,0,1,30,Lung Disease,18.6,1,5.348374302082074,33.56,61.5
77,Female,1,1,0,15,Lung Disease,23.7,3,7.970427878487003,47.17,51.3
71,Female,0,1,1,1,Heart Disease,28.1,5,7.544982212392529,22.98,61.0
34,Male,0,1,0,30,Liver Disease,32.9,6,6.924678463243437,44.53,52.5
63,Male,1,1,0,10,Lung Disease,32.0,1,7.146290364937138,34.58,59.1
73,Male,1,1,0,11,Lung Disease,30.9,1,7.935173578350043,40.14,51.1
55,Female,1,0,0,24,Heart Disease,20.7,2,8.265338388305864,46.73,53.7
50,Male,1,1,0,12,Diabetes,31.0,7,6.7492104010156195,40.6,56.6
48,Male,1,1,1,22,Liver Disease,29.0,5,5.25935920751117,71.27,40.9
68,Female,0,1,1,23,Diabetes,27.5,2,5.886617891591893,50.66,48.8
50,Female,1,1,1,11,Lung Disease,33.2,4,8.927194383514346,49.13,47.5
39,Male,1,1,1,19,Lung Disease,25.5,4,7.983710744238501,61.98,42.9
35,Male,0,0,1,30,Liver Disease,21.3,3,8.529158162775122,42.65,54.0
50,Female,0,0,1,15,Diabetes,27.4,2,8.439442934276336,32.13,56.5
50,Female,1,1,1,7,Diabetes,21.3,3,5.157922219273534,36.09,57.2
72,Male,1,0,0,6,Liver Disease,30.8,3,4.500918254806878,29.15,59.7
42,Female,1,0,1,7,None,32.4,2,6.182467118471381,14.12,71.3
57,Female,0,1,0,30,Lung Disease,26.3,3,8.77873753781108,43.45,54.4
44,Female,0,1,0,1,None,25.1,1,7.970469154653593,4.1,71.8
38,Female,0,0,0,0,Diabetes,31.0,3,4.930712759127825,17.66,69.9
23,Male,1,1,0,18,None,32.7,5,4.150982589429955,28.73,60.9
66,Male,1,1,0,6,Diabetes,33.8,3,7.109509923991378,31.15,56.6
52,Female,0,0,1,22,Heart Disease,29.9,6,6.638626417907865,30.98,60.5
53,Male,1,0,1,14,Lung Disease,30.3,7,7.059576830543058,37.56,53.7
63,Female,0,1,0,2,None,29.3,3,4.814231823668006,6.19,70.2
56,Female,0,0,0,0,None,34.3,0,8.305385634002754,1.81,71.0
72,Female,0,1,0,7,None,30.4,3,8.865828972500163,10.29,65.9
53,Female,0,0,0,0,Heart Disease,29.0,1,7.460825118410765,19.96,62.9
61,Male,1,0,1,25,Lung Disease,34.5,4,5.2001631116261455,63.76,39.5
62,Male,1,0,1,3,Diabetes,29.7,4,8.269982002562667,28.02,62.7
37,Male,0,0,1,1,Diabetes,32.9,7,6.39245442557895,21.53,64.7
43,Male,0,1,0,20,Liver Disease,25.9,3,4.845015230437435,32.85,58.4
39,Female,1,0,1,10,Heart Disease,27.9,3,8.738632047236118,37.42,57.2
71,Male,1,0,0,30,None,20.8,6,7.659745406005095,30.67,57.0
63,Female,0,0,0,0,Diabetes,18.8,2,5.040371593486357,15.01,67.0
62,Female,1,0,0,19,Liver Disease,32.3,5,8.769265013347912,34.19,56.1
52,Male,0,1,0,0,Diabetes,19.3,4,8.402175536362714,23.31,61.7
24,Male,0,0,1,25,Heart Disease,26.7,4,4.1877481356139015,36.71,61.1
70,Female,0,0,1,23,Lung Disease,23.8,2,4.270621076450986,35.61,56.6
62,Male,0,1,0,20,Heart Disease,22.5,7,4.467266040268278,35.26,53.9
22,Female,0,1,1,23,Heart Disease,23.0,4,4.407148597335882,52.67,51.6
60,Female,0,0,0,0,Lung Disease,28.0,2,4.7818162500006665,18.46,65.8
80,Male,1,1,1,16,Diabetes,28.3,5,5.652621221903015,63.1,42.7
79,Female,1,0,0,19,None,24.3,4,6.207531794717775,20.43,61.4
64,Male,1,0,0,12,Heart Disease,20.9,5,4.173354289273685,30.89,60.8
34,Female,1,0,1,15,Liver Disease,20.6,7,7.286544758347823,44.14,56.9
19,Female,1,1,1,7,Diabetes,23.0,0,4.534891875496026,33.32,60.0
20,Female,0,0,1,10,Diabetes,19.6,3,8.037753433455704,28.34,63.6
52,Female,0,1,0,28,Liver Disease,21.4,5,4.459530474959953,39.21,56.7
69,Female,0,1,0,27,None,30.1,5,6.900183882084699,17.75,64.0
25,Male,1,1,0,7,Lung Disease,22.8,1,5.220239376604573,29.82,59.7
75,Male,1,1,0,13,Heart Disease,32.9,2,4.609501227575395,44.09,52.9
61,Male,0,1,1,28,Heart Disease,21.1,2,8.378044201111884,63.56,39.2
42,Female,0,1,0,12,None,21.4,3,5.7790797852189,8.48,70.8
61,Male,0,0,0,0,Diabetes,33.3,2,6.617796080600148,18.39,62.3
21,Male,1,0,0,9,Diabetes,25.8,2,8.814361933832933,26.35,66.9
78,Male,1,1,0,22,None,26.4,4,5.46991743677358,41.66,50.1
72,Female,1,0,0,14,Lung Disease,22.2,5,8.437278489875585,30.42,56.5
52,Female,1,0,1,26,Lung Disease,24.3,3,4.282981597844021,58.39,42.6
73,Female,0,1,1,28,Liver Disease,30.5,3,6.867275205704638,56.39,47.0
21,Male,0,0,1,1,Heart Disease,22.6,1,5.290271003319203,21.25,68.3
46,Female,1,0,0,29,Lung Disease,27.8,1,8.827912976895629,51.71,47.4
48,Male,1,1,0,6,Liver Disease,24.4,4,6.2675800426685955,28.01,63.3
35,Female,1,0,1,8,Heart Disease,27.6,5,4.8453729548910935,37.37,56.5
26,Female,1,1,0,11,Liver Disease,22.0,5,4.201952250446612,43.6,54.6
20,Female,1,0,1,21,Liver Disease,23.2,6,7.132765084296523,52.32,49.6
30,Male,0,1,0,7,Liver Disease,20.1,7,4.600366614035503,26.14,61.4
22,Female,0,1,1,1,Heart Disease,33.0,3,8.20236932119318,19.32,67.8
75,Male,1,0,0,23,Diabetes,28.4,7,8.016660012250433,39.35,54.8
57,Female,0,0,1,2,None,25.3,3,6.928989690549799,5.35,71.9
61,Female,1,0,0,0,Heart Disease,29.6,4,4.266207575769795,17.58,65.4
33,Female,0,0,0,0,Diabetes,25.2,0,4.7703738486414995,16.37,66.2
26,Female,1,1,1,2,Heart Disease,34.1,7,8.72243713187245,20.01,64.9
26,Male,1,1,1,4,Lung Disease,34.1,6,7.974343492940164,26.53,66.4
32,Male,1,1,1,23,Diabetes,25.4,3,8.708834048764903,77.8,37.3
61,Male,1,0,1,15,Lung Disease,31.9,3,7.751392224514625,43.56,49.5
25,Female,0,0,1,10,Diabetes,27.1,1,4.056641186931548,27.01,61.8
32,Male,0,1,1,26,Diabetes,22.2,1,5.946119524359089,58.47,46.7
70,Male,0,1,1,2,Lung Disease,30.1,7,4.119078472762181,18.3,66.1
72,Female,0,1,0,24,Liver Disease,33.4,2,6.133449807767992,42.61,51.8
20,Female,0,0,1,20,Heart Disease,22.8,7,5.66552207195109,32.06,59.6
71,Male,0,0,1,9,None,31.5,2,7.6044549252092555,2.36,72.7
48,Male,0,0,0,0,None,29.1,0,4.317588868090315,-1.72,73.3
78,Male,1,1,0,26,Heart Disease,28.7,3,6.155627027738047,69.14,36.6
50,Female,0,1,1,28,Heart Disease,28.6,4,8.870514351595062,57.39,48.3
65,Male,1,1,1,15,Diabetes,27.2,1,6.3446799154882925,55.24,47.8
73,Male,1,0,0,11,None,27.9,7,7.598757863784852,12.66,68.7
78,Female,0,1,1,11,Heart Disease,34.4,5,8.567900796187903,35.88,52.1
52,Male,1,0,1,21,Liver Disease,30.7,5,4.104268241973956,54.71,49.4
76,Male,1,1,1,12,None,25.5,0,8.921478007484428,24.0,61.4
42,Male,1,0,0,13,Diabetes,19.0,7,5.571361997784246,29.43,63.3
76,Male,0,0,1,29,Liver Disease,24.6,6,8.120486310871026,36.78,56.0
59,Female,1,1,0,19,None,28.2,7,5.312657745421624,29.52,59.5
67,Female,1,0,0,13,None,23.9,6,6.994014493652832,10.85,68.6
47,Female,0,0,0,0,Diabetes,23.4,1,7.492873373069944,23.0,62.3
24,Male,1,0,1,10,Diabetes,20.0,7,6.624285251611118,40.72,55.9
75,Male,1,1,0,28,Diabetes,20.5,6,8.969550590095812,68.03,36.5
46,Male,1,1,1,7,Liver Disease,34.8,5,4.574548822721731,35.17,57.5
77,Female,0,0,0,0,Heart Disease,26.0,4,5.026995960230083,22.44,62.2
66,Female,0,1,1,23,None,25.2,2,6.601770081005308,34.36,53.5
53,Female,0,0,1,29,Lung Disease,28.3,3,4.7377460732805465,41.63,51.1
49,Male,0,0,0,0,Heart Disease,32.4,2,6.230282755783573,16.92,64.0
19,Male,0,0,1,21,Diabetes,26.5,2,5.363990508141259,29.16,60.9
61,Male,0,0,1,13,Heart Disease,30.2,4,4.227585399323028,22.93,64.5
51,Female,0,1,0,12,Heart Disease,30.5,3,4.338759166179555,28.18,62.4
18,Female,0,0,1,18,Diabetes,24.9,6,7.927222413270293,32.61,61.5
69,Male,1,0,0,28,Lung Disease,20.7,2,8.881211116865941,47.63,50.4
47,Male,0,1,1,10,Lung Disease,33.6,3,8.614803937957102,31.8,56.6
24,Female,0,1,0,4,Lung Disease,20.0,4,7.707228278906859,21.44,64.8
53,Male,0,1,0,20,Diabetes,20.0,0,6.560321437151515,35.48,54.9
36,Male,0,1,1,3,Lung Disease,20.4,7,6.289587886819922,23.85,66.2
39,Male,1,1,0,21,Heart Disease,34.7,1,6.913472930156291,58.78,46.8
66,Male,1,0,1,15,Diabetes,26.6,7,6.04011156650479,47.33,50.7
74,Female,1,1,0,27,Diabetes,33.3,4,6.552277304257105,70.19,38.3
36,Male,1,0,1,30,None,26.3,4,8.83537992163421,50.22,51.1
33,Female,0,0,0,0,None,31.2,6,7.912841072408828,4.63,75.4
45,Male,1,1,0,10,Heart Disease,31.6,4,4.399131480738109,35.76,60.0
51,Male,0,1,1,3,Liver Disease,22.6,2,5.174918569769131,24.57,59.7
58,Male,1,1,1,5,Diabetes,27.9,6,8.619371062522251,32.1,55.9
80,Female,0,0,1,18,Diabetes,19.8,0,4.593570075352796,29.37,54.6
45,Male,1,1,0,6,None,25.4,3,4.318097449189168,7.43,72.2
52,Female,0,0,0,0,Liver Disease,29.5,7,8.790971214601637,21.94,66.7
77,Male,1,0,1,21,Diabetes,23.4,5,4.982034853709984,56.73,43.9
51,Male,0,1,1,26,Lung Disease,22.3,5,8.369154873230599,59.9,46.5
38,Female,1,0,1,9,Diabetes,30.0,4,4.156176196667154,36.24,60.4
35,Female,0,0,1,27,Liver Disease,30.0,4,6.852297020105031,38.91,57.0
26,Female,0,0,0,0,Liver Disease,18.5,6,5.0511674166730405,21.19,65.2
61,Male,1,1,1,28,Liver Disease,24.8,5,6.528332967523169,89.21,30.0
51,Female,0,1,1,26,Lung Disease,21.4,4,7.652456522314251,56.05,45.6
21,Female,0,1,0,9,None,26.2,7,7.365005685052227,3.69,76.3
54,Female,1,1,1,17,None,33.2,3,5.876301088398858,42.51,55.5
34,Female,0,0,1,5,Diabetes,34.9,6,4.981539818085309,25.77,64.7
67,Male,0,0,1,29,Lung Disease,26.7,0,6.366641135642198,36.11,56.2
50,Male,1,0,0,28,None,24.4,4,6.459378668018903,27.77,61.9
61,Male,0,0,0,0,Heart Disease,21.9,7,5.124740766638093,16.32,64.9
69,Male,0,1,0,9,None,20.2,7,4.109528084654401,8.97,65.9
19,Female,1,1,1,11,Lung Disease,24.5,1,7.989334947928276,46.43,55.5
65,Female,0,1,1,9,Lung Disease,31.0,1,8.137939378549653,32.95,59.4
43,Female,0,0,1,23,None,18.3,6,7.835209781181938,15.48,68.9
76,Male,1,1,1,8,Diabetes,22.6,7,4.192049100137461,39.39,51.6
43,Male,0,0,0,0,Liver Disease,26.4,1,7.899343967337575,21.12,65.2
52,Male,0,1,0,25,Diabetes,31.0,4,7.831355919361894,36.46,56.3
20,Female,1,0,1,8,Liver Disease,23.2,5,6.975206244895983,33.01,63.2
32,Male,1,0,1,24,Lung Disease,19.1,1,8.886956735745322,61.81,43.3
37,Female,0,1,0,19,Liver Disease,25.8,4,4.378927815497178,32.34,60.8
40,Female,1,0,0,0,Lung Disease,30.7,1,8.526781793346009,23.51,66.4
80,Male,1,0,0,17,Heart Disease,27.9,6,6.919585248501323,38.39,50.5
58,Female,1,0,0,30,Lung Disease,33.7,7,5.134412838684434,48.66,47.8
45,Male,0,0,0,0,Lung Disease,22.6,1,7.1381941607155674,16.37,68.5
22,Male,1,0,0,13,None,28.9,3,5.3202479253133035,11.33,71.6
21,Male,0,0,0,0,Diabetes,19.9,3,8.138992391611916,24.26,63.9
54,Male,1,1,0,27,Liver Disease,19.1,5,4.199335765660423,65.38,41.3
19,Male,1,1,0,5,Diabetes,30.8,6,5.160734712434174,32.39,63.7
78,Male,0,1,1,4,Lung Disease,29.5,7,4.440456690821561,21.39,63.1
33,Female,0,0,0,0,None,33.0,3,5.997864582413916,1.54,73.8
53,Female,1,0,0,5,Lung Disease,23.8,0,7.498505256524184,26.18,59.3
41,Male,0,0,1,21,Diabetes,30.6,1,4.225947499197131,33.75,60.1
57,Male,0,0,0,0,Diabetes,20.5,3,4.939556236246501,15.45,64.4
75,Male,1,0,1,26,Liver Disease,21.4,3,5.007644605963132,64.83,38.1
19,Male,0,1,0,20,None,32.5,3,7.727110145499694,15.63,68.4
36,Male,1,1,1,11,Liver Disease,26.7,2,6.036255846876989,48.66,50.4
25,Male,0,0,0,0,Lung Disease,23.3,0,5.420171582712768,22.73,63.7
33,Male,0,0,0,0,Liver Disease,24.2,3,4.546977136210128,17.04,68.9
64,Female,0,1,0,22,Lung Disease,33.1,5,8.02916957855846,39.1,55.8
30,Male,1,1,1,14,None,24.4,4,8.809275343984037,31.68,59.7
48,Male,1,0,0,26,Liver Disease,34.5,4,8.576910108787851,48.22,50.5
29,Male,0,1,1,8,Heart Disease,34.1,0,4.88530517986165,29.72,60.3
49,Female,1,0,1,0,Diabetes,34.5,5,4.85980619024297,16.95,69.5
57,Male,0,1,1,13,Lung Disease,26.5,6,5.244576412197359,36.44,55.9
65,Female,1,1,0,23,Heart Disease,20.3,0,5.615764229410632,56.63,48.1
39,Female,0,1,0,0,None,25.6,5,7.156187149162131,4.76,74.8
65,Male,1,0,1,30,Heart Disease,33.9,3,5.6154980245350465,65.75,38.2
26,Female,0,1,1,14,Heart Disease,26.3,0,6.92669541438946,36.02,61.7
46,Female,1,0,0,9,Diabetes,34.2,6,5.5908305839443795,29.82,59.4
53,Male,1,1,1,16,Lung Disease,21.6,6,7.544965897472641,54.66,48.4
43,Female,0,0,1,27,Liver Disease,24.8,7,7.5696375487913645,40.74,58.2
73,Male,0,0,0,0,Diabetes,23.7,4,5.223842738244652,15.97,62.7
56,Male,1,1,1,2,None,18.0,0,5.382436460530474,3.86,71.1
66,Female,0,0,0,0,Liver Disease,20.7,5,4.504492042786167,16.75,62.9
58,Male,0,0,1,12,Lung Disease,20.6,0,6.710413316176326,30.25,58.9
72,Female,0,1,1,24,Lung Disease,34.4,3,8.10976399722105,51.9,46.1
60,Female,1,1,1,5,None,26.4,1,8.719774096979629,8.85,68.4
67,Male,0,1,1,15,None,23.9,0,5.466583546732483,18.2,65.5
44,Male,0,0,0,0,Lung Disease,20.1,1,8.963900967082868,23.19,62.8
19,Male,0,0,1,15,None,18.6,4,6.811058297637558,10.05,74.9
73,Female,0,0,0,0,Liver Disease,27.9,7,5.969361312584757,17.59,65.6
67,Female,1,1,1,30,Diabetes,18.8,4,5.403119145039311,92.8,30.0
30,Male,1,0,0,10,Diabetes,27.7,5,8.878758821664197,33.78,60.3
54,Female,1,1,1,7,Lung Disease,19.5,7,4.445762034023657,38.48,57.7
62,Male,1,1,1,3,Liver Disease,22.1,2,7.782002179854262,25.72,63.1
26,Male,0,1,0,30,Diabetes,26.7,1,4.613327836105112,46.66,55.9
53,Female,0,0,0,0,Heart Disease,33.2,1,5.2427782180739975,24.29,59.7
72,Male,1,1,1,4,Liver Disease,23.8,6,5.636537567163594,30.94,59.9
36,Male,1,0,0,29,Lung Disease,20.6,7,8.786453832234638,47.22,50.7
30,Male,1,1,0,15,Diabetes,18.8,0,6.5848181529185705,47.3,50.8
62,Male,1,1,0,13,None,32.4,5,6.051667284476407,24.26,60.3
47,Female,1,0,0,22,Diabetes,31.2,5,6.733041114447914,44.58,50.3
55,Female,1,1,0,24,Liver Disease,29.4,6,5.449888320129878,59.11,44.7
28,Female,0,1,0,25,None,19.5,4,5.844242103625528,21.18,64.0
47,Male,0,1,1,0,Heart Disease,19.6,0,5.649668337395832,16.22,65.9
80,Male,0,1,0,7,Liver Disease,30.0,2,7.911245562135725,22.11,60.9
67,Male,0,1,0,23,Diabetes,18.7,6,7.074088944718074,41.84,53.4
56,Male,0,0,0,0,None,20.9,2,7.336802626436179,0.5,76.6
59,Male,1,1,0,1,None,32.7,7,6.022465178862516,3.44,74.3
19,Male,0,0,0,0,None,28.2,7,5.838418818264902,-4.19,79.0
72,Female,1,0,0,17,Liver Disease,32.8,5,7.42366442534754,40.78,51.0
43,Female,1,0,0,25,Liver Disease,34.9,1,4.096911113183403,41.59,57.0
33,Female,0,1,0,23,Lung Disease,23.0,6,5.496031618234087,40.33,54.0
40,Male,1,0,1,2,Heart Disease,33.5,5,4.102947237234251,27.57,63.7
55,Female,1,1,0,9,Heart Disease,21.0,6,7.396171875973113,38.12,57.5
44,Female,0,1,1,29,Diabetes,22.8,1,6.105930106189858,64.53,41.2
73,Male,0,1,0,7,Diabetes,19.7,2,5.409642424011242,28.22,57.5
76,Male,0,0,1,12,Heart Disease,28.8,2,7.344837299998687,28.66,57.2
47,Female,0,0,1,30,Liver Disease,28.9,5,7.395395393694867,39.62,53.4
42,Female,0,1,1,25,Diabetes,25.4,7,4.321845131313446,56.13,46.6
47,Male,0,1,0,19,Diabetes,22.7,1,7.672457591268325,38.9,55.4
19,Male,1,1,1,25,Lung Disease,28.7,1,5.450534919520473,78.78,39.5
53,Female,1,0,1,22,Diabetes,26.7,7,6.760905313871769,54.61,49.7
55,Male,0,0,1,3,None,27.4,2,4.481197582582908,-2.89,75.1
41,Male,0,0,0,0,Lung Disease,28.0,4,5.169862886582305,24.5,65.5
57,Male,1,0,1,6,Diabetes,19.9,5,8.081282790300467,33.43,58.4
54,Male,1,1,0,23,Lung Disease,29.3,7,7.752554043818304,62.53,45.7
34,Female,0,1,0,7,None,26.9,6,4.9547813681555,5.29,71.6
60,Male,1,0,0,4,Heart Disease,33.2,2,7.741656234761533,23.84,63.9
50,Female,1,1,1,30,Liver Disease,32.9,1,8.919318845488174,90.34,30.0
27,Female,1,0,0,3,None,23.4,3,4.192068784929532,-1.39,75.5
70,Female,0,1,1,4,Lung Disease,32.1,6,8.317100057657829,30.09,56.6
43,Female,0,1,0,21,None,28.9,1,5.699264916395384,17.86,67.9
44,Female,1,0,0,6,Liver Disease,25.0,2,8.616144505161289,30.59,58.0
30,Female,0,1,0,20,Heart Disease,22.2,2,6.06419147849228,31.42,58.6
71,Male,1,1,0,16,Liver Disease,31.8,5,8.225022423143745,51.64,44.5
34,Male,0,1,0,26,Diabetes,31.0,3,8.857002480831769,45.71,54.0
65,Female,1,1,0,13,Heart Disease,21.6,0,4.851492967276663,44.11,49.5
76,Male,1,1,1,22,Heart Disease,32.0,3,6.142768669399443,72.9,37.7
31,Female,0,1,0,25,Diabetes,26.4,1,7.173511693895096,35.45,61.8
79,Female,1,1,0,22,Liver Disease,28.5,3,4.217648722836976,54.78,42.8
26,Female,1,1,1,5,None,30.1,7,6.700353507215041,9.93,71.0
51,Female,0,1,1,12,Heart Disease,25.9,3,6.524125701461038,36.32,56.2
78,Male,0,1,1,22,Liver Disease,27.1,2,5.92019195328011,48.73,47.5
27,Female,0,1,0,6,Liver Disease,24.8,5,4.894659127037465,27.91,65.5
70,Male,0,0,1,27,Heart Disease,20.4,1,4.542540234880767,37.28,54.9
46,Female,1,1,0,3,None,19.5,0,6.359484235076406,5.87,75.3
27,Female,0,0,1,23,Liver Disease,18.8,0,4.775017921342755,34.0,59.1
53,Male,0,0,0,0,Lung Disease,18.8,2,6.7038696092599235,17.01,65.2
21,Male,0,1,0,23,Diabetes,23.1,3,8.741829761644196,42.18,59.4
33,Female,1,1,1,8,Lung Disease,32.3,0,6.283757174574237,41.23,59.1
18,Male,1,1,0,22,Liver Disease,22.3,0,8.67357248212502,56.93,48.8
47,Male,0,1,0,9,Diabetes,29.5,6,4.164074567421284,27.12,60.8
67,Male,1,1,1,8,Diabetes,29.4,2,7.888853098280508,40.51,52.9
77,Female,0,1,1,5,Liver Disease,22.6,1,8.508760134336494,29.76,59.8
51,Male,1,1,1,11,Heart Disease,32.7,6,7.1447040315252925,49.49,51.0
37,Male,1,1,1,12,Heart Disease,31.2,5,7.118906726246606,53.36,50.8
48,Male,1,1,1,22,None,34.5,2,6.759231906417542,56.98,43.8
38,Male,1,1,1,27,Lung Disease,29.5,0,4.68874497534281,87.17,31.3
73,Female,0,0,1,17,None,28.1,5,4.147168241795023,7.81,70.8
63,Male,0,0,0,0,Diabetes,27.2,2,8.278284719954705,19.08,66.7
44,Male,1,1,0,28,Liver Disease,23.3,7,6.9866538740132125,73.54,40.4
56,Male,1,0,1,8,Diabetes,24.6,6,4.782246046282208,35.6,53.7
44,Male,0,1,1,30,None,31.6,5,4.36912153319227,40.79,58.0
58,Female,1,1,0,0,Lung Disease,29.0,1,5.143396991784067,21.81,65.9
51,Female,0,1,0,1,Diabetes,32.7,2,6.85112730065805,18.21,65.3
79,Female,1,1,1,27,Diabetes,22.3,1,4.35985970826863,84.96,30.0
36,Female,1,1,0,0,None,28.7,2,7.885662946904675,-4.37,78.9
57,Female,0,1,0,28,None,32.5,5,5.179833189090516,18.98,64.9
52,Female,0,1,1,1,Diabetes,20.0,6,4.179814854017284,21.09,62.3
33,Male,1,0,0,14,Liver Disease,20.5,7,6.4273612138908405,38.11,59.0
29,Female,0,1,1,15,Liver Disease,21.1,5,7.845357277770292,42.3,53.5
27,Female,1,1,0,27,Liver Disease,20.0,6,4.950774880046195,70.57,42.9
78,Male,0,0,0,0,Diabetes,31.2,3,8.372475920742396,15.62,67.3
44,Female,1,1,0,17,Diabetes,25.1,3,7.984042643313832,52.89,49.1
36,Female,1,0,1,17,Lung Disease,32.9,2,4.254208038396796,50.57,49.5
24,Female,0,0,1,15,Lung Disease,30.7,6,4.6016963278051595,27.5,64.1
28,Female,0,0,0,0,None,29.8,2,5.5049222175398596,-3.58,77.3
66,Male,1,0,1,12,Lung Disease,31.7,2,5.181871548424519,38.23,54.1
20,Female,0,0,1,14,Heart Disease,31.2,0,5.7245372071429035,28.56,65.4
69,Female,1,1,0,4,Liver Disease,26.2,3,5.917529720087745,31.29,57.0
70,Male,0,0,1,13,Heart Disease,34.9,6,7.397211280736087,27.08,61.6
46,Male,0,0,0,0,Lung Disease,26.2,1,8.54113362997645,21.04,66.8
41,Female,0,1,0,13,None,24.5,2,8.135871425733026,12.57,70.6
80,Female,0,1,0,13,Diabetes,22.7,1,6.694978751367175,31.89,56.3
70,Female,0,1,0,0,Lung Disease,22.8,4,5.295049122127936,20.45,62.8
68,Male,1,0,0,27,Diabetes,21.6,6,4.8268738299800855,50.9,50.1
36,Female,1,0,0,3,None,22.7,1,7.015049128246933,6.6,72.6
70,Male,0,0,1,10,Lung Disease,22.2,1,8.841851176562422,25.97,62.7
37,Female,0,1,1,10,Heart Disease,26.8,3,7.828671982552685,36.51,60.4
25,Male,0,1,0,12,Diabetes,23.2,0,8.481435131390064,34.27,62.7
18,Male,1,1,0,8,Liver Disease,27.8,2,8.642043256876379,32.76,63.4
45,Female,0,0,0,0,Heart Disease,27.0,2,4.001597046757864,15.56,69.5
31,Male,0,0,1,7,Liver Disease,22.5,2,7.1702515489186816,21.44,64.5
66,Male,0,0,0,0,None,25.9,7,4.512313955962479,3.42,73.4
57,Female,1,1,1,30,Lung Disease,24.9,4,6.349254596330641,88.48,30.0
58,Male,1,1,0,4,Lung Disease,24.8,4,4.538988537200662,23.24,65.3
61,Female,1,0,0,1,Liver Disease,34.8,7,7.951966572088024,23.88,60.7
52,Male,0,0,1,25,Liver Disease,22.8,1,7.59906642413997,33.79,58.6
68,Female,0,1,0,0,None,32.8,6,7.254468616705328,0.99,72.6
78,Female,1,1,0,12,Liver Disease,32.5,7,8.342603628153004,45.72,51.5
73,Female,0,1,1,29,Diabetes,19.1,1,6.454590151941334,65.43,37.0
32,Male,1,0,0,17,Diabetes,28.5,7,6.064098443600533,39.27,58.2
80,Female,0,1,1,21,Liver Disease,29.4,7,6.534565079576397,53.48,46.6
32,Male,1,1,1,4,Liver Disease,32.1,7,4.497648365015243,25.99,65.3
69,Male,1,0,1,23,Diabetes,19.4,2,6.216787714140878,59.6,40.3
70,Male,1,0,0,11,Diabetes,29.6,0,6.5766186340945385,32.09,57.9
35,Male,1,0,1,27,Liver Disease,18.1,6,4.730381095489399,64.13,41.7
76,Female,1,0,0,24,None,21.6,0,5.8954484172583435,28.15,60.0
38,Female,1,1,1,26,Lung Disease,32.8,4,5.797649735043694,77.93,38.9
52,Male,0,1,0,12,Liver Disease,26.8,0,7.942521975689612,30.87,58.4
54,Male,1,0,0,29,None,19.3,7,7.905317293242436,31.24,60.5
66,Male,1,1,0,1,Diabetes,30.6,1,7.163433701616039,19.01,61.6
30,Female,0,0,1,15,None,18.6,2,5.763065115203499,11.08,69.4
55,Male,1,0,0,20,Diabetes,33.0,1,7.588403358937218,39.92,53.4
34,Male,1,1,0,4,Heart Disease,23.2,7,6.748178295141278,28.1,64.9
79,Female,1,0,0,11,Heart Disease,21.7,4,7.421102779156669,30.28,55.0
41,Male,0,0,0,0,Lung Disease,23.2,3,4.559800975802594,23.61,67.0
53,Male,0,1,0,8,None,20.3,7,4.103701669265925,4.02,70.6
49,Female,0,0,1,27,Heart Disease,33.5,4,5.80304775017824,40.73,55.5
53,Male,1,0,1,17,Heart Disease,30.7,7,8.939803020314567,49.38,47.9
20,Female,0,0,1,27,Lung Disease,24.1,3,7.0414572860171285,38.64,56.4
33,Female,1,1,0,9,Diabetes,24.2,4,8.604154062984813,31.35,58.7
57,Male,0,1,0,2,Diabetes,21.0,5,8.7932776433091,17.51,64.7
34,Female,0,1,1,20,None,30.3,7,5.007104135500099,26.66,63.9
67,Female,0,1,1,4,Liver Disease,27.2,5,4.735968634503367,24.57,61.0
66,Female,1,1,1,1,None,33.4,0,4.778448487910439,-2.15,74.8
60,Female,0,0,0,0,None,30.0,5,8.672563560004534,-2.53,76.0
31,Female,0,0,0,0,Heart Disease,33.7,6,7.715470748738248,18.27,65.8
51,Male,1,1,1,11,Diabetes,31.5,2,8.285777818774399,43.25,51.5
24,Female,1,1,1,30,Lung Disease,22.0,7,7.608609124801185,95.88,31.8
47,Male,1,0,1,7,Diabetes,28.1,4,4.935894440455392,28.47,60.8
68,Female,0,0,1,24,None,19.7,6,7.354093332774385,15.13,66.6
72,Female,1,1,0,17,Liver Disease,25.0,7,5.178758355721902,50.82,46.6
80,Female,1,1,1,11,Heart Disease,34.7,5,5.056282519384675,42.0,52.1
31,Female,0,1,1,21,Diabetes,28.0,0,6.781783346302117,48.14,52.4
51,Female,1,1,1,25,None,30.2,3,4.710377988513493,55.94,49.9
36,Female,1,0,0,5,Liver Disease,20.1,2,8.275466514580385,22.48,62.4
56,Female,1,0,1,25,Liver Disease,26.1,6,5.269100227608092,57.6,46.6
63,Male,0,1,1,13,Heart Disease,29.0,2,8.393971672746705,36.54,52.8
52,Male,0,1,1,28,Heart Disease,23.7,1,6.958289875034385,62.37,44.9
29,Male,0,1,1,25,None,26.4,7,6.161015177547309,32.9,61.0
18,Female,1,1,1,17,Heart Disease,22.8,5,8.017242645883243,57.99,47.9
77,Male,1,0,1,21,None,30.6,2,4.465167420308888,33.42,56.5
33,Male,1,0,1,3,Diabetes,31.0,0,5.5147560110018485,20.15,67.8
33,Male,0,0,0,0,Heart Disease,30.3,2,8.441021708659061,19.45,66.2
68,Male,0,1,0,7,Diabetes,34.2,5,6.00279105676225,26.99,62.0
74,Male,1,0,1,1,None,18.7,2,7.81610619214112,-1.3,71.6
30,Female,0,0,1,6,Liver Disease,30.2,1,5.201829643960096,23.02,67.7
50,Female,0,1,1,25,Heart Disease,19.9,2,8.332788942747985,53.89,47.9
55,Male,0,1,0,12,Heart Disease,23.7,4,8.805241656185473,27.51,60.5
73,Male,0,1,0,3,Diabetes,23.7,4,4.888070879060922,27.26,59.8
33,Female,0,0,0,0,Diabetes,29.2,0,8.932774984101204,23.31,62.5
33,Female,0,0,1,8,Heart Disease,32.2,6,4.854282642761527,19.89,68.5
75,Female,1,1,0,11,Liver Disease,27.7,2,7.925125451548192,34.98,52.6
62,Male,1,0,1,6,Lung Disease,22.2,5,6.983670644185978,28.36,58.5
18,Female,0,1,1,25,Heart Disease,20.5,0,5.129944879125075,57.88,49.8
30,Male,1,1,1,29,None,20.6,7,4.358126391840103,65.37,46.3
57,Female,0,1,1,2,Lung Disease,21.4,6,7.236808842739532,23.01,64.7
38,Male,0,1,0,0,Liver Disease,31.9,6,6.898105017879114,22.47,62.5
30,Male,0,0,0,0,Heart Disease,22.3,6,5.029437834647206,19.79,65.7
60,Male,1,0,0,25,None,22.3,0,6.523119281510958,26.31,60.2
39,Male,1,1,0,27,Liver Disease,19.7,4,4.177916100558923,67.86,40.4
18,Male,1,1,1,1,Heart Disease,21.6,4,8.57352959964029,19.32,70.4
33,Female,1,1,0,28,Liver Disease,23.0,0,4.149519592211694,71.39,40.7
47,Female,1,1,1,13,Liver Disease,33.4,6,8.511747191555724,53.93,47.4
77,Male,1,1,0,9,Heart Disease,27.2,7,6.710647190876125,37.61,55.2
72,Female,0,1,0,30,Heart Disease,18.1,0,4.54731026010949,44.93,50.6
63,Female,0,1,1,11,Heart Disease,34.4,3,5.082127042694784,38.84,53.9
30,Male,0,1,1,18,Heart Disease,28.9,0,4.650347935257674,41.49,57.3
49,Female,1,0,1,22,None,27.6,5,6.783924986932607,33.97,60.5
38,Male,1,0,1,23,Lung Disease,34.4,3,4.52715894643308,60.89,42.9
71,Female,0,0,0,0,Heart Disease,31.6,4,7.141786807238707,19.61,62.6
69,Male,0,1,0,9,Diabetes,18.7,0,8.5837959915966,28.3,56.7
65,Male,1,0,0,4,Lung Disease,18.4,2,6.827890272275727,28.1,58.0
26,Female,0,1,1,18,Liver Disease,27.3,1,6.241580865628555,45.79,52.4
62,Female,1,0,1,15,Liver Disease,29.2,3,8.941233469058457,48.49,46.6
51,Male,1,1,0,25,None,18.3,6,7.283149693155064,45.43,52.2
38,Female,0,1,0,8,Liver Disease,21.7,1,7.502450975862251,25.44,66.0
36,Male,1,1,0,20,Heart Disease,30.8,1,8.04315227571286,55.44,51.1
59,Male,0,1,1,19,Diabetes,23.6,5,6.422673438631364,51.52,50.5
25,Female,0,0,0,0,Liver Disease,22.5,6,8.489521222834895,20.37,67.6
39,Male,1,1,0,25,Diabetes,20.6,3,8.371780208896194,63.63,43.5
26,Male,0,0,1,8,Liver Disease,22.2,1,4.500945676490146,23.23,63.6
64,Male,0,1,0,8,Liver Disease,24.9,2,8.88297797299315,30.97,57.6
22,Male,1,0,0,5,Heart Disease,25.7,5,5.597505001608052,29.93,63.0
65,Female,1,0,0,3,Heart Disease,27.2,6,4.0328689144794785,22.98,63.8
18,Female,1,1,0,22,Lung Disease,32.9,4,7.988261022125044,60.89,46.2
80,Male,0,1,1,7,Heart Disease,27.2,4,7.616536962953647,30.52,57.4
39,Male,0,0,0,0,Diabetes,31.1,2,6.358259836272124,19.65,68.3
68,Female,0,0,1,4,Lung Disease,31.1,1,5.002835400438488,17.8,64.1
42,Female,0,0,0,0,Lung Disease,27.6,7,6.799509385916997,18.97,66.6
63,Female,0,1,0,23,Heart Disease,34.6,5,8.397113650693939,39.04,52.7
51,Male,0,1,0,16,Diabetes,27.3,1,6.641428761559358,32.13,61.0
20,Male,1,1,0,20,Liver Disease,30.7,2,6.629508534446089,57.86,49.2
65,Female,0,1,0,5,Liver Disease,26.5,0,6.843285405011038,26.41,63.0
54,Female,1,1,0,20,Liver Disease,28.5,2,8.480920244093957,51.63,50.8
47,Male,0,0,1,28,Lung Disease,28.7,0,7.228545120640874,35.83,59.9
49,Male,0,0,1,8,Liver Disease,20.1,3,8.332753085050058,21.81,61.6
40,Female,1,0,0,17,Diabetes,19.9,5,6.724084354926232,34.36,61.5
48,Female,1,1,0,11,None,26.0,1,5.158984668030387,19.84,65.9
30,Female,1,1,1,12,None,23.3,4,4.9895716012559035,24.03,64.2
54,Female,1,1,0,22,Lung Disease,30.7,2,5.55456875562191,56.27,47.3
59,Male,1,1,0,26,None,26.0,3,7.385177866966114,49.24,49.5
43,Male,0,1,0,5,Lung Disease,23.6,2,4.227059645458301,21.5,67.5
54,Female,1,0,1,18,None,28.6,7,7.203344061791579,25.32,60.6
75,Male,1,1,1,3,Liver Disease,27.9,5,7.809802844980488,30.49,56.0
74,Male,0,0,1,2,None,20.9,7,6.92588011737962,-1.69,70.5
41,Female,0,1,0,25,Liver Disease,32.6,3,6.5149071232425495,44.52,56.2
21,Female,1,0,0,2,Lung Disease,20.0,6,5.626545304421576,22.46,66.8
33,Female,0,0,1,4,Lung Disease,26.7,7,7.068531360827097,19.96,64.0
69,Female,0,0,1,11,Diabetes,25.8,2,4.826714010309468,25.07,63.5
27,Male,1,1,1,29,Liver Disease,18.4,7,5.7249914541864,92.68,30.8
57,Male,1,0,0,5,Liver Disease,21.6,5,4.87981409270982,21.89,61.5
62,Male,0,0,1,18,Lung Disease,29.8,3,5.648157697335339,28.6,59.8
62,Female,1,0,1,22,Lung Disease,24.0,4,6.644257770902451,56.5,43.9
49,Female,0,1,0,2,Diabetes,26.4,4,6.641500904501287,25.34,61.4
59,Female,0,1,1,26,None,34.2,5,4.756288798914177,31.86,60.3
51,Male,1,0,0,1,Liver Disease,23.0,1,5.154280719163161,20.65,67.2
79,Male,1,0,0,17,Heart Disease,23.2,2,4.146143272605549,34.4,57.4
49,Male,0,0,0,0,None,32.6,3,7.184865524175956,1.98,74.5
35,Female,0,1,1,19,Liver Disease,28.4,3,5.238441648935642,44.55,54.8
24,Female,0,0,0,0,Heart Disease,31.8,2,4.333141477830533,22.79,63.8
51,Female,0,0,1,9,Heart Disease,19.0,3,6.355512517579163,28.08,60.5
23,Male,0,1,1,21,None,23.6,7,5.301678053949145,31.03,64.9
73,Male,0,0,0,0,Diabetes,26.7,4,7.030037009967272,17.58,65.5
36,Female,0,0,0,0,None,21.2,5,6.1497603977643625,3.67,73.3
73,Female,0,0,0,0,Diabetes,22.1,3,5.156072857515255,16.41,64.0
68,Male,1,0,1,18,Heart Disease,23.1,0,7.798429564779516,50.43,47.8
31,Female,1,1,1,1,None,19.7,3,7.977965546401396,5.48,71.7
36,Male,0,1,0,18,None,23.0,5,4.515426520502908,16.83,66.5
48,Male,1,0,1,13,Diabetes,26.6,3,6.50268672865303,41.3,52.1
74,Male,1,0,0,2,Liver Disease,20.6,3,6.219464100244786,25.09,57.6
20,Female,1,1,1,20,Heart Disease,25.7,6,7.395669156502745,69.85,44.1
50,Male,0,1,0,18,Lung Disease,32.6,5,5.817887966871511,35.41,58.0
54,Female,0,0,1,8,Lung Disease,32.9,0,6.664699292231992,28.62,62.3
53,Female,0,0,1,9,Lung Disease,24.8,7,6.280385272272229,28.96,58.1
53,Female,1,0,1,5,None,28.6,2,8.060355852406051,7.87,68.7
42,Male,0,0,0,0,Diabetes,26.7,4,6.643123598859918,16.65,69.7
74,Female,0,1,0,16,Liver Disease,18.5,7,4.786143660785461,27.99,58.4
30,Female,0,1,1,28,Lung Disease,21.1,4,4.760886911507875,54.6,51.0
44,Male,0,1,1,28,Diabetes,25.8,5,7.231926088013765,62.71,41.4
31,Male,1,1,1,11,Heart Disease,29.7,2,8.418745280950432,49.98,49.6
65,Female,0,1,1,9,Lung Disease,24.4,5,7.439507282912029,35.44,53.9
28,Female,0,0,0,0,Liver Disease,20.6,4,7.949448377547673,19.86,67.4
79,Female,1,0,1,24,Liver Disease,31.1,7,4.7212078933556585,53.58,47.4
32,Male,0,0,1,8,Lung Disease,19.5,3,4.997919586347144,27.22,60.5
77,Female,1,0,1,24,Lung Disease,21.5,4,7.852039839526415,62.78,41.2
19,Female,1,1,1,18,Diabetes,24.3,1,7.144136661302612,67.01,43.9
75,Female,1,1,0,12,Heart Disease,22.1,3,6.403395253193414,43.34,53.3
31,Female,0,1,1,23,Lung Disease,25.4,2,6.73388995207602,54.52,51.1
59,Female,1,1,1,20,Liver Disease,20.3,2,6.586771821348529,66.7,40.0
37,Male,0,1,0,15,Lung Disease,18.6,5,8.737956814708419,33.11,59.6
19,Male,0,0,1,13,None,26.0,2,4.02692406824181,7.66,75.1
47,Female,0,1,1,23,Diabetes,19.1,0,5.974051264323656,51.83,51.4
21,Female,1,0,1,19,None,32.8,3,7.33108843138885,27.36,64.4
46,Male,1,0,0,15,Liver Disease,18.7,3,8.27271663362667,36.54,54.4
47,Male,1,0,1,21,Diabetes,19.3,6,4.432623357448764,54.64,45.6
62,Female,1,0,0,24,None,19.5,1,5.235950400233455,23.37,61.7
43,Female,1,0,1,5,None,31.7,4,4.256807577261504,10.24,71.6
51,Male,1,1,0,22,Liver Disease,33.3,1,4.123403268300332,56.46,46.0
23,Female,0,0,1,19,Diabetes,32.7,1,4.650973373790761,34.63,59.6
49,Male,1,0,1,27,None,28.9,1,6.435836027878709,45.44,54.4
61,Female,0,1,1,1,Heart Disease,29.3,1,5.507154030541327,17.07,62.6
36,Male,1,1,0,6,Diabetes,30.3,4,4.5142035868612735,29.83,60.9
63,Male,1,0,1,19,Diabetes,34.5,2,8.922632276312607,52.47,49.5
39,Male,0,0,0,0,Diabetes,19.5,6,7.303702551046827,21.61,62.7
54,Male,0,1,1,22,None,27.1,0,8.501830998288822,29.41,57.9
41,Male,1,1,1,24,Lung Disease,34.1,6,8.531431018485584,81.59,36.8
75,Male,1,1,1,15,Diabetes,24.6,4,6.618827092862957,57.41,43.9
76,Male,0,0,1,28,Lung Disease,28.3,3,6.704371662469863,32.42,53.8
47,Male,1,0,0,29,Heart Disease,34.2,7,5.385732794009847,47.27,48.9
61,Female,0,0,1,10,Heart Disease,29.9,7,5.669984945004757,25.21,63.7
53,Male,1,1,1,3,Diabetes,28.2,7,8.03507735271819,26.28,62.2
33,Male,0,0,1,0,None,31.3,1,6.2207185781830505,1.29,74.4
37,Female,0,1,0,8,Lung Disease,19.1,2,6.668090732364879,30.49,60.8
66,Male,1,1,1,3,Liver Disease,23.5,5,5.4404737471649325,27.73,60.3
29,Male,0,1,1,30,Heart Disease,18.0,7,5.482914958239171,63.38,44.7
68,Male,1,1,0,25,None,32.0,6,6.766443001583204,41.18,51.9
34,Female,1,0,1,2,Lung Disease,26.2,2,6.515991931626388,20.37,68.2
77,Female,1,1,1,6,Liver Disease,28.6,1,6.339575465064918,38.58,50.9
19,Male,1,0,0,22,Lung Disease,27.3,5,8.678742970189987,37.14,57.6
49,Male,1,1,0,30,Lung Disease,22.3,2,6.969751039856996,72.31,36.1
80,Female,1,1,0,12,None,26.9,6,7.719726990675857,20.39,60.5
41,Male,1,0,0,16,Lung Disease,28.7,5,8.044745354424673,38.03,57.9
50,Male,0,0,1,4,Lung Disease,26.5,5,6.106194245988609,26.01,63.2
65,Female,0,1,0,28,Diabetes,25.5,0,6.984569234718277,41.97,50.8
20,Female,0,1,1,30,Lung Disease,24.3,2,8.767963440213784,58.53,51.7
75,Male,0,1,0,30,Liver Disease,25.6,0,5.5837985604408935,46.25,50.5
79,Male,0,1,1,29,Liver Disease,23.8,5,5.698023466603073,59.78,41.4
42,Male,1,1,1,24,Liver Disease,25.9,6,4.832442294988759,73.51,38.9
48,Female,1,1,0,7,Heart Disease,28.5,2,5.841538811211796,29.33,62.1
66,Female,0,0,1,1,Heart Disease,22.6,0,6.9983882409605265,21.51,62.9
60,Female,0,0,0,0,Diabetes,26.3,5,5.110978003120005,16.35,65.0
75,Female,1,0,0,17,Liver Disease,32.0,5,7.346145062036396,36.71,55.2
53,Female,1,1,0,24,Lung Disease,32.2,5,7.742430779052375,61.79,41.8
27,Male,0,1,0,28,Heart Disease,18.7,2,4.859077374408624,41.45,55.7
44,Male,1,0,0,15,None,25.3,0,6.576174022961955,17.78,65.8
57,Female,0,0,1,0,Diabetes,27.6,0,7.813472708808405,22.5,60.3
18,Male,0,1,1,14,None,28.9,2,6.069940485193033,24.25,66.6
58,Female,0,0,1,9,Liver Disease,26.3,5,8.759414039150368,23.22,59.9
20,Female,1,1,0,4,None,32.0,2,8.522300338199713,10.98,71.9
71,Male,0,0,1,10,Diabetes,30.4,6,4.477824042839503,24.55,57.8
72,Male,1,0,1,23,Lung Disease,28.2,4,4.524421493833836,53.06,47.0
63,Female,0,0,1,21,Lung Disease,26.4,1,7.897864938420717,36.21,53.3
27,Female,1,0,0,1,Lung Disease,19.4,3,7.429571123459836,24.59,65.7
37,Female,1,1,1,27,Lung Disease,33.1,2,7.6359626042762585,87.81,34.5
61,Male,1,0,0,20,None,20.1,4,4.996700065267223,22.04,64.7
23,Male,0,1,0,19,Diabetes,32.7,3,7.156986908070187,34.3,62.1
38,Female,0,1,1,3,Diabetes,27.8,1,8.202494124403383,25.89,60.8
39,Female,1,0,0,10,Lung Disease,23.6,2,8.441274654131284,25.2,64.5
58,Female,0,0,0,0,Liver Disease,19.5,0,6.13158699766917,21.01,62.4
77,Male,0,0,0,0,Lung Disease,34.9,2,8.647721611050418,18.09,66.0
75,Female,0,0,1,10,Diabetes,29.1,0,8.774364785146062,29.56,55.1
76,Female,1,1,0,18,Heart Disease,24.4,3,8.551968803140372,55.71,44.5
34,Female,0,0,0,0,None,33.9,6,6.1082899819655125,0.97,73.7
27,Male,0,1,1,10,Liver Disease,19.4,7,7.558599979111662,30.96,63.2
39,Male,0,1,0,25,Diabetes,29.5,4,4.577693102662685,37.7,54.3
40,Female,1,0,1,15,Heart Disease,32.8,4,7.943573682531698,45.79,50.4
29,Male,0,1,0,0,Liver Disease,24.3,3,5.936561544341151,17.52,67.6
40,Female,1,1,0,26,None,34.2,4,6.553803778543549,48.94,51.8
67,Male,0,1,0,12,Heart Disease,26.5,2,4.741756314994592,27.74,59.8
77,Male,0,1,1,15,Liver Disease,26.5,7,4.5964101563214115,37.94,52.9
34,Male,1,1,0,30,Heart Disease,33.0,5,7.844580739335766,69.93,42.5
33,Male,1,0,0,8,Heart Disease,26.6,2,5.841827218330735,23.74,67.0
63,Female,0,0,1,30,Lung Disease,20.9,4,4.831402534619069,38.98,53.4
26,Female,0,1,1,1,Lung Disease,18.8,4,7.465711145501057,18.29,69.4
74,Female,1,1,1,8,Heart Disease,31.6,2,7.821189846902236,42.34,53.7
41,Female,0,0,1,7,Diabetes,34.3,2,4.661620818212062,22.3,62.7
19,Female,1,0,1,2,Heart Disease,18.4,4,8.649063047608529,22.02,67.3
35,Male,1,1,0,12,Liver Disease,18.1,6,8.520576894157944,39.99,55.0
43,Male,0,0,0,0,Heart Disease,25.5,6,7.4984689522957115,16.79,65.0
24,Female,1,1,1,29,Liver Disease,32.1,2,6.177104503987469,89.1,34.4
27,Female,1,1,1,1,Diabetes,28.8,2,5.72052383105814,24.93,64.1
68,Male,0,1,1,16,Liver Disease,23.5,4,7.803339217877873,39.49,52.3
50,Female,0,1,0,28,Diabetes,33.2,1,5.591914717036013,46.4,51.7
38,Male,1,1,1,7,Heart Disease,28.5,0,6.056948363921517,40.41,56.1
36,Female,0,1,1,11,Heart Disease,23.7,5,5.999560306479562,36.72,60.3
60,Male,1,1,1,0,Lung Disease,25.5,2,5.158520515934219,23.4,61.2
32,Female,1,0,0,18,Heart Disease,31.7,3,4.677524752728925,37.27,56.4
47,Female,0,0,1,8,Heart Disease,31.2,5,6.1593806735380525,21.85,61.9
31,Male,0,1,0,10,Heart Disease,28.2,6,7.914624386726909,32.98,62.1
48,Male,1,1,1,27,Lung Disease,19.0,2,7.516450153119637,88.01,33.8
79,Female,1,0,1,0,Liver Disease,32.1,4,4.502556570417273,22.17,60.8
75,Female,1,1,1,22,Heart Disease,31.7,4,8.911571296370814,77.5,30.8
27,Female,1,0,1,8,Liver Disease,30.3,5,7.095554408000551,28.13,62.5
23,Male,1,0,0,17,Heart Disease,22.1,6,5.9794073817456335,35.34,60.1
38,Female,0,1,0,23,Heart Disease,31.4,6,8.508534640495752,42.86,57.0
78,Female,1,0,1,18,Liver Disease,20.1,7,6.394581932430336,48.28,49.8
24,Female,0,0,1,19,Heart Disease,33.0,0,5.413994896376723,29.9,63.2
68,Male,1,0,1,26,Heart Disease,22.7,1,7.00247589853804,65.1,42.8
47,Male,1,1,0,22,Lung Disease,28.9,7,7.380466656510651,59.78,44.9
27,Female,0,0,0,0,Liver Disease,31.4,1,7.4708676689272036,21.21,67.2
35,Female,0,0,1,7,Liver Disease,28.7,1,6.465745900902877,20.15,66.8
69,Female,1,0,1,4,Lung Disease,32.0,7,5.703959468722448,26.01,62.3
73,Female,0,1,0,23,Lung Disease,20.7,2,8.231118894743043,37.89,54.5
23,Female,0,0,1,27,Heart Disease,34.8,5,4.955993249586192,36.12,59.0
29,Male,0,0,0,0,Lung Disease,32.9,4,6.715038559486056,15.97,67.0
19,Male,0,0,0,0,Diabetes,25.2,3,5.187375631154261,15.16,71.5
28,Female,1,1,1,4,Lung Disease,28.6,0,4.08449769826885,25.67,65.2
71,Female,0,1,1,8,Lung Disease,29.1,5,7.442995585100586,30.09,59.1
56,Male,0,0,0,0,None,18.4,0,5.114479809924086,4.9,69.8
54,Female,1,0,1,28,Diabetes,18.0,1,8.303125053027838,65.2,40.2
30,Male,0,0,1,7,Liver Disease,24.8,3,8.910361965675728,28.77,61.3
55,Female,0,1,1,11,None,21.1,7,4.622724158021588,17.38,66.1
27,Male,0,1,0,13,None,19.6,5,5.070308655859032,12.76,68.7
80,Female,1,1,1,10,Heart Disease,26.4,4,5.376604157923117,39.37,51.8
47,Female,1,0,1,23,Liver Disease,24.3,5,8.765107352681534,57.95,44.8
75,Male,1,0,1,1,Liver Disease,18.8,0,6.0847287777200565,24.85,58.4
70,Female,0,1,0,23,Heart Disease,33.9,6,5.162403764878377,34.28,55.8
34,Female,0,0,0,0,Liver Disease,34.9,3,6.05049418298529,22.06,67.4
19,Female,0,0,0,0,Diabetes,33.8,4,7.488586555347108,23.44,66.7
43,Male,1,0,0,2,Heart Disease,33.5,1,7.421523717572111,24.56,62.1
69,Male,1,1,1,7,None,26.4,2,4.556903799913573,14.0,63.2
42,Male,1,1,1,7,Diabetes,25.0,1,4.809748184148632,37.0,55.2
68,Female,1,1,0,9,Diabetes,24.6,3,5.082654504971428,38.33,54.2
40,Male,0,1,0,16,Diabetes,33.1,6,8.073418736404292,28.4,63.4
31,Female,1,0,0,22,None,32.2,3,5.377783031731036,18.31,64.9
78,Female,0,1,1,23,Liver Disease,25.2,5,8.842071923685294,51.39,49.1
29,Male,1,1,1,5,None,21.9,3,4.152082634747651,7.12,70.9
52,Male,1,1,0,5,Liver Disease,19.1,5,4.9975322715145065,29.59,61.5
61,Male,0,0,0,0,Diabetes,23.3,6,5.729497204272235,22.51,61.0
22,Female,0,1,1,9,None,20.0,7,8.730624204953983,16.34,72.4
78,Male,0,1,0,7,Heart Disease,33.8,4,5.290766301683611,28.12,55.5
59,Female,0,0,0,0,Heart Disease,31.7,0,7.59824965041782,18.01,64.9
27,Female,0,1,1,7,Heart Disease,31.1,0,4.035935139887625,31.65,64.1
43,Male,1,1,0,2,Heart Disease,19.4,7,7.067280282939969,26.38,61.7
50,Male,0,0,1,14,None,25.3,7,7.1168445692016356,8.24,69.4
27,Male,0,0,0,0,Heart Disease,29.2,5,8.48479335219752,24.34,63.3
25,Female,1,1,1,28,None,34.3,4,7.675260911668597,71.42,40.4
46,Female,1,0,1,8,Diabetes,25.4,0,6.920739243098805,35.6,57.3
73,Female,0,0,1,1,Heart Disease,31.9,1,6.2222909287594765,21.98,59.2
43,Female,0,1,1,3,Diabetes,31.8,5,6.751851485093001,20.34,63.0
64,Male,1,0,0,23,Diabetes,25.1,1,5.532694633828143,45.99,48.7
21,Male,1,0,0,12,None,32.7,6,7.903068340082884,10.73,75.4
39,Female,1,0,1,25,Heart Disease,31.3,4,8.46340721074841,59.64,48.9
64,Female,0,0,0,0,Liver Disease,29.3,4,5.494882831387145,24.01,60.4
77,Female,0,1,0,8,Liver Disease,27.1,1,4.384149960741298,28.14,56.1
34,Male,0,1,0,7,Lung Disease,34.9,5,4.558310875897413,22.56,66.3
50,Female,0,1,1,30,Heart Disease,27.7,6,6.377784223589283,60.77,44.7
18,Female,1,1,0,7,Diabetes,32.4,7,7.810348434174505,29.31,64.1
37,Male,1,0,1,2,Heart Disease,27.2,0,6.227503059210374,23.63,61.9
62,Female,1,1,1,19,Lung Disease,25.8,5,7.397719187714937,63.2,43.2
30,Female,1,1,0,1,None,20.0,2,8.280138718462744,1.47,76.1
53,Male,0,0,0,0,Liver Disease,19.1,7,8.42957494039247,22.2,62.9
65,Male,1,1,0,4,Diabetes,18.4,5,8.045111582778244,30.15,55.8
65,Male,1,0,0,15,Liver Disease,29.2,4,6.660681231359771,35.2,56.4
60,Male,0,0,1,25,Heart Disease,35.0,1,5.028761892228247,37.73,55.1
18,Female,1,1,0,24,None,34.0,3,8.265941894678857,40.82,60.2
74,Male,1,0,0,18,Liver Disease,33.8,4,4.592045081394405,33.2,56.3
76,Female,1,1,0,19,Heart Disease,25.5,2,5.321768420271647,51.99,49.4
43,Male,0,1,1,12,Liver Disease,25.7,0,5.254580946805854,40.54,55.1
61,Female,1,1,0,17,Diabetes,18.7,5,4.808634681446612,52.14,46.2
31,Male,1,0,1,14,None,31.2,5,7.799236625001874,22.11,68.8
76,Female,1,1,1,28,None,32.2,4,7.72583994125355,62.65,44.1
70,Male,1,1,1,26,Lung Disease,24.1,2,4.947374375473821,81.58,34.7
53,Female,0,1,1,4,None,23.8,1,5.740957056987821,5.84,73.5
24,Male,0,0,1,0,Diabetes,27.5,4,6.572231341712358,18.4,68.0
43,Male,0,0,1,5,Heart Disease,23.9,0,5.17524223415905,24.9,63.9
36,Female,0,0,0,0,Lung Disease,19.6,0,4.2363700248277745,21.54,63.0
65,Female,0,1,0,9,Diabetes,29.5,1,6.38678451837176,22.23,61.7
63,Female,0,1,0,11,Heart Disease,29.4,3,4.761454343920122,30.04,59.5
34,Male,0,1,0,0,Heart Disease,25.1,7,7.564300142264736,18.72,68.4
78,Male,1,0,1,4,Diabetes,21.3,0,4.574571685505006,25.97,57.6
45,Female,0,0,1,23,Diabetes,20.7,3,7.663692957764898,32.84,60.1
51,Male,0,1,1,3,Diabetes,33.6,5,8.290504445864064,20.96,63.5
80,Female,0,0,0,0,Heart Disease,23.2,7,8.297103223974247,18.11,61.1
79,Male,0,0,1,7,Lung Disease,34.4,4,4.501063939926323,25.9,59.3
57,Male,0,0,1,16,Heart Disease,33.5,3,5.565016243335192,29.98,61.2
59,Male,1,0,1,15,Diabetes,33.4,5,8.358114021500981,43.54,51.5
34,Female,1,1,0,6,Lung Disease,25.5,3,4.199030579039918,33.96,62.2
66,Female,1,1,1,6,Lung Disease,18.6,3,4.7757845489580735,34.64,58.1
43,Male,1,0,0,14,Liver Disease,28.0,5,7.738069523847232,30.84,60.4
38,Female,0,0,1,11,Liver Disease,30.6,3,4.739422834421396,26.33,64.5
18,Female,0,0,1,16,Liver Disease,28.8,3,8.44461328110497,26.07,65.0
41,Female,1,1,1,13,Liver Disease,21.0,0,5.736246694915689,50.36,50.3
28,Male,0,1,0,23,None,31.5,3,6.867358473791649,23.37,64.2
39,Male,0,0,0,0,None,26.0,3,5.022360751648862,1.81,76.1
21,Male,0,1,0,11,Lung Disease,34.0,2,6.320304720184393,24.55,67.3
60,Female,0,1,0,12,Liver Disease,34.5,6,8.524121990825662,25.74,62.6
71,Female,0,1,0,9,Heart Disease,23.8,1,8.112162449506672,29.31,59.6
62,Female,1,1,0,11,Liver Disease,27.7,6,7.890007720110863,42.18,55.0
78,Female,0,0,1,9,Liver Disease,29.1,1,6.318503015495879,22.16,61.2
62,Male,1,1,1,24,Diabetes,25.0,1,6.184666086118773,79.79,31.6
49,Female,0,1,0,27,Lung Disease,28.7,0,7.175670154221305,45.03,54.4
22,Female,0,0,1,10,Heart Disease,22.5,3,8.895223748338822,30.42,64.6
39,Female,1,0,0,3,Liver Disease,33.9,2,6.5414053402382875,21.58,62.7
62,Male,1,1,0,16,Lung Disease,25.6,1,8.257480832449778,45.24,53.8
43,Male,0,0,1,9,None,30.7,6,5.7752411433735595,3.88,71.7
50,Female,0,1,0,14,Liver Disease,26.9,7,6.947719407385945,33.08,58.5
75,Male,0,1,1,17,Heart Disease,28.7,1,4.267169414906435,46.83,49.9
56,Female,0,1,0,29,Liver Disease,21.7,1,7.70660581338263,42.26,54.3
48,Male,1,1,1,4,None,34.1,5,6.6693077467901745,13.66,67.5
27,Female,0,0,0,0,None,20.0,0,4.659883102411195,3.09,77.6
23,Female,0,0,1,17,Lung Disease,22.4,6,8.897245453651419,25.89,64.1
46,Female,0,0,1,30,Liver Disease,22.6,4,6.9635707036540655,35.79,55.7
33,Male,1,1,0,2,Lung Disease,30.9,0,8.964716400675368,28.07,62.3
69,Male,0,1,1,30,Diabetes,22.6,2,8.169841897330155,58.57,43.8
34,Male,1,1,0,10,Lung Disease,30.5,1,8.970013259381746,42.23,57.5
68,Female,0,0,0,0,Lung Disease,34.1,1,8.827755334592224,21.25,62.0
48,Male,1,0,1,16,Heart Disease,34.2,7,5.001107146504937,48.79,51.2
18,Male,0,0,0,0,None,26.0,3,5.922290905878694,-4.6,78.2
25,Female,0,0,0,0,Lung Disease,27.9,1,5.123045141246991,19.1,68.0
40,Female,1,0,1,11,None,23.3,4,8.689651772180754,13.88,66.5
45,Male,1,1,1,5,Heart Disease,19.9,6,5.432250714678233,28.25,60.3
45,Male,1,0,0,10,None,28.7,4,4.018794276876217,7.97,73.6
38,Female,0,1,0,0,Liver Disease,32.5,3,8.283258251665988,24.54,63.0
32,Male,0,0,1,27,Liver Disease,31.9,0,4.227761209711067,39.11,59.6
54,Female,1,0,0,8,Liver Disease,30.4,5,6.693521787246746,31.97,59.1
31,Male,1,1,1,23,Liver Disease,26.5,6,4.828028611739714,73.11,41.2
79,Female,0,0,1,24,Diabetes,24.0,1,8.503305785712191,30.11,58.8
39,Female,1,0,1,0,Lung Disease,33.9,3,6.664044040827486,16.41,65.6
55,Female,1,0,0,12,None,19.7,2,6.800329622528282,14.3,65.4
61,Male,0,1,1,11,Heart Disease,19.0,0,8.650623510890796,31.51,55.9
61,Female,1,0,1,10,Liver Disease,22.1,1,6.119965021910719,37.59,56.2
69,Female,0,0,1,16,Liver Disease,28.5,6,4.974336572212124,32.83,57.0
32,Female,0,1,0,27,Heart Disease,25.1,7,8.32071848935582,44.91,55.1
43,Female,0,1,0,16,Diabetes,30.8,3,8.401813160804409,36.49,54.9
76,Male,0,1,0,20,Liver Disease,28.9,4,6.276154509656752,32.07,57.2
51,Male,1,0,0,1,Liver Disease,18.9,5,6.860876582004531,23.76,61.1
26,Male,1,1,1,21,Liver Disease,32.5,7,7.089868255670195,72.73,42.1
22,Female,0,1,0,26,None,20.4,7,6.391853638624973,23.08,66.6
66,Male,1,0,1,15,Liver Disease,20.1,1,5.519900859622754,47.05,48.9
56,Male,0,0,0,0,Diabetes,21.3,7,8.555901430404177,17.27,63.8
57,Female,1,0,0,7,Diabetes,30.9,1,8.170740005882818,23.12,60.4
72,Female,1,0,0,19,Diabetes,22.2,4,7.602549474667024,37.75,54.6
21,Female,0,1,1,17,None,23.3,1,7.823862939521422,20.4,69.2
19,Male,0,0,0,0,None,34.9,6,8.947779802222492,-2.24,77.9
64,Female,1,1,1,26,Diabetes,24.0,5,7.28019701971124,78.7,34.0
29,Male,0,0,0,0,Liver Disease,26.1,0,4.834781579338579,17.1,67.5
32,Male,1,1,1,4,None,22.4,1,8.748537781276047,9.31,72.8
69,Male,0,0,1,13,Heart Disease,28.8,6,7.103618720199711,23.13,59.6
44,Male,1,0,1,30,None,34.4,4,5.7274645929476815,51.81,47.3
64,Male,1,1,0,19,Liver Disease,29.0,7,4.333508594652907,56.47,42.8
43,Female,0,0,1,22,Heart Disease,20.7,2,8.570541850349734,28.87,59.4
30,Male,1,1,1,13,None,20.2,2,6.063470300472959,32.66,62.5
25,Male,0,0,1,19,None,28.1,6,8.452683977826586,14.84,69.4
46,Male,0,1,1,23,None,26.3,2,8.6032221855437,34.95,59.9
25,Male,0,1,1,23,Lung Disease,25.2,2,6.479335411580889,52.79,48.5
42,Male,0,0,0,0,Diabetes,32.7,6,4.881295209257793,20.14,63.4
54,Female,0,1,0,13,Heart Disease,29.8,0,7.703616438347668,29.4,58.3
50,Male,0,1,1,13,Liver Disease,31.4,6,5.725589765876517,40.5,52.4
20,Male,0,1,0,30,None,28.5,1,5.249388545699223,25.03,63.2
19,Male,0,1,0,0,Liver Disease,32.0,0,6.985928474136049,23.23,65.8
74,Male,0,1,1,27,Heart Disease,32.1,7,8.738091689910814,61.73,43.5
54,Female,1,0,0,15,Liver Disease,30.0,0,8.570074292958676,33.59,59.8
19,Male,1,1,0,12,Heart Disease,25.3,7,7.665659403540653,40.73,56.8
65,Male,1,1,1,9,Heart Disease,22.1,1,8.459326701435634,45.95,52.6
27,Female,1,0,0,19,Liver Disease,22.0,7,6.06059739081001,39.12,55.3
35,Female,0,0,0,0,None,24.0,5,4.809122878163612,-0.22,77.8
20,Female,1,1,0,1,None,26.2,3,5.2241965573027445,-2.65,81.3
64,Male,0,1,0,12,Lung Disease,21.3,3,5.036225192390109,29.55,57.4
57,Female,0,0,0,0,Lung Disease,18.7,6,7.561062124791308,18.31,62.3
69,Male,0,0,0,0,Heart Disease,19.7,0,6.546249576960869,21.84,61.5
60,Male,1,0,1,18,Lung Disease,30.6,0,5.774089356420138,52.94,47.2
57,Male,0,0,0,0,Heart Disease,29.3,1,4.9293025144130445,20.86,65.6
37,Male,1,0,1,30,None,24.0,1,7.1577161183700415,50.68,52.0
31,Male,1,1,1,16,Heart Disease,21.9,7,7.130958218624147,63.26,42.4
30,Male,1,1,0,22,Heart Disease,27.8,5,6.110386018320219,56.92,51.0
29,Female,1,0,1,23,Lung Disease,35.0,4,7.073899290219117,59.87,45.2
34,Male,0,0,0,0,Heart Disease,25.4,0,4.5596468427438674,24.82,64.4
27,Male,0,0,1,19,Lung Disease,26.8,6,8.686763796736262,34.99,58.5
39,Female,1,0,0,17,Lung Disease,25.6,4,7.244950900087481,32.53,57.8
61,Female,1,1,0,21,Lung Disease,33.9,1,4.705165988600646,59.95,43.9
51,Female,1,0,1,21,Lung Disease,18.8,6,8.330383771565415,49.48,51.4
31,Male,0,0,1,24,Lung Disease,32.2,6,5.767307661416055,33.91,58.3
49,Male,0,1,1,10,Diabetes,19.2,2,6.1928898175291405,33.8,56.3
39,Male,1,0,1,24,Lung Disease,27.5,5,5.424315262081958,57.17,50.0
52,Female,0,0,1,6,None,30.6,3,5.6388205319574745,-0.29,77.1
48,Male,1,1,1,27,None,22.7,6,4.869916603176563,68.43,40.0
24,Female,0,1,1,17,None,25.5,1,6.653877361010589,25.45,63.0
34,Female,1,0,0,27,Heart Disease,29.9,1,4.8593296467785265,44.53,52.8
20,Male,1,1,1,4,Liver Disease,21.2,3,4.8181291025045665,24.68,65.4
40,Female,1,0,1,6,Lung Disease,26.4,2,6.154361826369643,29.39,64.3
61,Female,0,0,1,14,Lung Disease,30.8,3,8.69014396302875,27.24,61.2
65,Male,1,1,0,20,Liver Disease,33.8,1,6.43296500433051,57.11,47.7
66,Male,1,1,0,7,Heart Disease,26.5,0,7.210890708960955,32.07,57.8
48,Female,1,0,1,19,Heart Disease,34.7,0,6.369569255960712,49.02,49.8
28,Female,0,0,1,13,Lung Disease,35.0,1,5.187041414341247,29.95,60.6
71,Male,1,0,0,7,Liver Disease,24.7,5,6.440985680436025,31.33,59.6
21,Male,1,1,1,24,Diabetes,20.2,1,6.976541354542314,80.35,37.0
76,Male,0,0,0,0,Heart Disease,26.0,7,8.246306006780554,24.48,62.2
30,Female,0,1,1,28,Diabetes,32.6,1,5.6907909917323,55.24,51.7
28,Female,0,0,1,16,Diabetes,33.7,3,5.621005900050346,30.58,64.1
34,Female,1,1,1,26,Lung Disease,21.5,5,8.173875393731254,86.55,30.6
77,Male,1,1,1,21,Lung Disease,18.2,2,6.986375323479475,65.43,38.6
51,Female,0,0,1,30,Liver Disease,35.0,4,8.724955166304028,40.05,53.0
22,Male,1,1,1,8,None,32.5,0,7.095712556592794,24.1,65.1
65,Male,1,0,1,5,Lung Disease,18.8,3,8.626516424067065,23.65,58.7
74,Male,0,1,0,3,None,29.8,7,4.97950596835188,5.56,70.4
31,Female,1,1,0,19,Diabetes,20.6,6,6.723826215555036,51.17,49.6
70,Female,0,1,1,12,Diabetes,22.7,6,5.233956106483294,38.31,52.3
71,Female,0,0,0,0,Liver Disease,20.5,5,8.611434371046753,18.62,65.3
59,Female,1,0,0,22,Heart Disease,18.3,7,7.2295295972441185,46.67,52.9
66,Female,0,1,1,13,Liver Disease,24.7,2,7.005632793205732,36.38,53.0
60,Female,0,1,0,9,Diabetes,33.1,1,8.201451326085259,31.76,60.5
53,Male,1,1,0,9,Lung Disease,26.2,1,4.595899472124749,39.74,55.1
19,Female,0,1,0,15,Lung Disease,21.9,1,7.725380364206438,33.57,60.6
38,Male,0,0,0,0,Lung Disease,30.5,6,8.518121033360769,17.03,65.9
46,Male,1,1,0,23,Heart Disease,22.4,7,6.466104140809081,66.1,43.2
70,Female,1,1,0,17,Lung Disease,23.8,3,7.980458596901549,52.56,48.3
51,Female,1,1,1,23,Liver Disease,28.6,5,4.580812564273064,73.89,39.1
31,Male,0,1,1,21,None,27.3,6,4.019191176190313,32.73,60.8
71,Male,1,1,1,13,Heart Disease,18.1,4,6.74269948552516,54.5,44.4
33,Male,0,0,1,5,None,27.8,1,8.401038046225977,4.83,76.3
58,Female,0,0,0,0,None,27.3,0,8.210996879312223,5.0,74.3
51,Female,1,0,1,10,Heart Disease,35.0,4,8.823898041712756,36.22,56.3
35,Male,1,1,1,3,Diabetes,30.2,4,6.053887781334224,26.68,61.5
22,Male,1,0,0,19,Heart Disease,18.2,6,7.6406786959200605,37.47,56.8
37,Male,1,1,0,17,Lung Disease,22.4,1,7.877068598569375,51.89,48.8
37,Female,0,0,0,0,None,18.1,1,6.6976385579929065,2.73,73.0
27,Male,0,1,1,15,None,27.3,4,7.752534874027418,22.12,69.0
63,Female,1,0,1,12,Diabetes,23.5,5,7.049367107024368,41.7,52.2
70,Female,0,1,0,13,Lung Disease,25.3,3,7.3518430324124555,26.23,57.3
37,Male,0,1,1,30,Lung Disease,20.0,3,6.628524489128839,58.0,48.6
57,Female,0,1,1,9,Liver Disease,28.7,3,8.34366290760251,37.15,57.4
24,Female,1,1,1,8,Lung Disease,26.7,2,5.558356174014479,36.4,58.8
50,Male,1,0,1,9,Liver Disease,24.3,1,8.056923683736692,35.13,57.2
26,Male,0,1,1,29,Heart Disease,31.3,6,5.772865903633418,57.02,47.8
61,Female,1,1,1,9,Heart Disease,29.6,0,4.105315457430203,37.67,55.8
72,Female,1,1,1,29,Heart Disease,18.0,7,8.157154010090085,88.3,30.0
78,Male,0,1,0,12,Heart Disease,32.7,1,5.846181448997472,27.91,60.2
54,Female,1,0,0,2,Heart Disease,27.5,6,7.74615148293223,25.46,61.5
47,Male,0,1,0,17,Heart Disease,24.3,5,5.457888556787936,37.4,58.2
55,Female,1,1,1,19,Liver Disease,20.4,1,8.72827498809982,67.67,42.1
69,Male,1,1,0,17,Liver Disease,23.9,4,8.05876127249649,49.37,45.5
23,Male,0,1,1,13,Liver Disease,29.1,4,5.553389680244327,41.63,56.3
76,Female,1,0,1,24,Lung Disease,23.2,7,8.496465520407778,57.82,44.2
73,Female,0,0,0,0,Liver Disease,30.2,6,7.857419881183938,16.63,62.8
25,Female,0,1,1,29,None,33.9,6,8.327197793623746,39.76,56.3
43,Female,0,0,1,16,None,30.1,3,8.569983880166085,10.14,73.4
38,Male,0,1,1,26,Diabetes,25.4,7,8.57264846931,53.07,50.7
65,Male,1,0,1,21,Liver Disease,21.5,2,4.418850003854516,58.49,45.9
52,Female,1,0,1,0,Heart Disease,30.8,6,8.072998313309478,21.83,63.1
18,Male,1,1,0,17,None,28.6,6,5.233637942692867,29.0,65.1
48,Male,0,0,1,0,Heart Disease,29.5,3,7.860413178748738,24.24,60.5
73,Female,1,0,1,6,Liver Disease,25.4,1,8.152424761683971,30.26,58.3
40,Male,1,1,0,7,Diabetes,34.1,3,7.055239364486296,31.01,62.6
70,Female,1,0,0,7,None,34.1,1,5.1935845661486475,2.81,68.9
37,Male,0,1,1,6,Liver Disease,27.5,3,6.669374982053048,31.1,62.6
58,Male,0,0,0,0,Liver Disease,21.7,3,8.910595741231301,18.11,63.6
47,Male,1,0,0,4,Liver Disease,24.7,5,5.647287954082942,19.98,68.1
55,Female,0,1,1,18,Diabetes,24.7,7,4.437697226155294,40.75,51.9
38,Male,0,1,1,14,None,21.6,1,8.011452416450359,22.94,64.1
32,Male,0,1,1,21,Diabetes,30.9,5,5.349168726569118,45.75,54.8
31,Male,0,1,0,8,Lung Disease,26.3,7,7.548149223246304,22.83,67.7
48,Female,1,0,0,1,Diabetes,32.5,5,5.984127346327344,17.95,68.6
27,Female,0,0,1,28,Diabetes,34.8,1,8.64266893903691,35.45,57.3
75,Female,0,0,0,0,Lung Disease,28.6,3,5.610617513282034,23.67,57.8
56,Female,0,1,0,30,Diabetes,20.3,3,4.692041693994982,40.45,54.0
51,Male,0,1,1,24,None,30.4,4,7.668465688665528,34.62,55.5
53,Male,1,1,0,3,Liver Disease,18.1,5,8.959344655350773,27.17,64.0
54,Female,0,0,1,28,None,23.7,4,6.748565308689347,18.84,67.6
65,Male,1,0,0,13,Diabetes,23.7,5,8.071339668273755,28.22,61.0
39,Female,0,1,0,6,Lung Disease,24.9,4,8.821142929945356,21.26,65.5
67,Male,0,0,0,0,Diabetes,24.2,4,5.752386135510868,15.64,67.8
39,Male,0,1,1,10,Liver Disease,19.6,7,7.037639445733275,38.71,57.5
49,Male,1,0,0,24,None,31.2,7,6.846034873417548,21.28,65.1
74,Female,1,1,0,2,Heart Disease,31.1,3,4.16621561878549,27.74,56.0
60,Male,1,0,1,6,Diabetes,20.9,4,5.547685251209233,27.77,62.5
57,Female,0,1,1,10,Heart Disease,22.9,5,6.661634719504326,29.33,61.8
45,Male,1,1,1,18,Lung Disease,30.9,7,7.968101249729919,59.83,48.0
55,Male,0,1,1,12,Heart Disease,26.4,6,6.149877172810687,32.17,55.6
53,Female,0,1,0,20,Diabetes,31.7,6,8.508480043620203,35.03,59.8
70,Male,1,1,0,9,None,34.4,2,5.720917059089947,14.52,64.0
63,Female,1,0,0,1,None,27.6,6,8.195450333589253,2.5,74.5
50,Male,1,1,0,27,Lung Disease,30.1,3,4.703533105214793,68.71,41.9
26,Female,1,0,1,21,None,21.1,1,7.164542768747171,36.47,56.9
69,Female,0,1,0,14,Liver Disease,21.5,4,7.621473725344397,32.48,59.0
21,Male,0,0,0,0,Liver Disease,33.5,2,6.830786171669733,23.94,65.4
23,Male,0,0,1,21,None,32.3,5,7.93211562688183,12.4,70.7
70,Female,1,1,1,2,Heart Disease,33.9,7,4.381106787240558,27.14,56.6
37,Female,1,1,0,18,None,31.7,0,5.64157894381464,34.86,56.4
75,Male,0,1,1,23,Lung Disease,26.9,3,6.577200787540946,48.01,48.5
33,Female,1,0,1,20,Lung Disease,22.6,2,5.385350553934054,56.14,46.8
53,Female,1,0,1,20,Liver Disease,21.1,2,8.44385998571942,50.09,50.5
57,Female,1,0,1,3,Lung Disease,29.6,3,4.499318091928194,22.47,64.0
53,Male,1,0,0,29,Lung Disease,19.8,5,8.555278648288603,46.95,53.5
78,Male,1,0,0,9,Diabetes,31.2,7,7.809073535030507,31.55,58.0
68,Male,0,0,0,0,Heart Disease,25.3,1,4.1428588966981215,24.29,63.2
63,Male,0,0,0,0,None,34.3,6,8.821022393065313,-3.79,77.8
41,Female,0,1,1,12,Heart Disease,30.5,0,8.608751054746445,40.81,57.3
76,Male,1,0,0,26,None,20.8,7,7.074303534173739,24.32,61.6
50,Female,1,1,1,12,None,29.9,7,5.3391166117045445,25.4,64.5
54,Male,0,0,1,19,Liver Disease,31.9,6,5.8496056925677244,30.61,57.2
48,Female,1,1,1,8,Heart Disease,19.2,0,8.211171301135089,38.4,53.6
37,Male,0,0,1,8,Heart Disease,33.6,1,6.328914334295901,28.6,61.8
40,Female,1,1,1,18,None,27.5,1,8.883806428825118,42.49,52.2
24,Male,0,0,1,22,Lung Disease,29.8,1,4.2427515243386456,32.73,59.3
47,Female,0,1,0,25,None,18.6,3,6.655002562677374,23.8,62.4
63,Male,1,0,0,4,Diabetes,18.6,4,5.159415340570751,24.82,58.4
60,Male,0,1,1,15,Liver Disease,32.0,7,8.81098934580945,43.09,54.3
42,Male,1,1,1,30,Heart Disease,18.5,3,5.477883068378249,93.19,30.0
64,Female,0,1,0,8,Diabetes,27.2,0,7.7172861888293305,23.34,61.3
27,Male,0,0,1,13,Diabetes,25.5,6,5.184674015014231,24.59,62.7
46,Female,0,1,1,7,Lung Disease,18.4,5,7.6810518975579285,33.41,60.7
21,Male,1,0,1,20,Heart Disease,24.1,1,8.075268116505054,49.72,53.3
36,Male,1,1,0,4,None,18.3,0,6.6814629484523,5.05,75.0
69,Male,1,0,1,24,Diabetes,29.7,1,6.733456263604601,54.82,46.5
29,Male,0,1,1,11,Diabetes,23.1,4,7.003892755134999,38.3,56.3
18,Female,1,1,0,21,Lung Disease,25.9,0,5.532679852332992,55.1,50.2
26,Female,0,0,0,0,Liver Disease,33.4,1,4.255874433406159,16.25,67.1
26,Male,1,1,0,25,None,27.6,5,5.257538773167692,47.95,51.2
22,Male,1,0,0,5,Liver Disease,20.8,7,6.930736502331213,29.13,63.5
28,Female,0,0,1,29,Lung Disease,23.0,0,7.213835315142985,33.65,60.3
28,Female,1,1,1,23,Liver Disease,20.3,2,4.869786034782434,79.84,38.5
39,Female,1,0,0,25,Diabetes,19.3,7,8.419893490704187,47.47,52.8
75,Female,1,0,0,26,Liver Disease,19.0,3,6.690807713756506,46.92,47.3
28,Male,1,1,1,30,Lung Disease,19.5,7,4.86806250179068,91.92,30.6
71,Male,0,1,0,24,Liver Disease,20.8,1,5.793122397756092,37.67,52.9
69,Female,0,0,1,8,Heart Disease,34.3,2,8.601764576533919,22.22,61.0
65,Female,0,0,0,0,Lung Disease,34.2,5,6.01725319502161,16.44,64.8
38,Male,0,0,0,0,Diabetes,20.1,5,8.535020004474202,18.86,69.0
73,Male,0,0,0,0,Lung Disease,20.2,2,8.953985159059535,22.9,61.4
49,Female,0,1,1,8,None,18.4,3,6.643559034869058,13.78,67.6
62,Male,0,0,1,6,Heart Disease,28.7,3,4.441823957017756,22.7,63.4
66,Female,1,1,0,26,Lung Disease,20.5,4,6.287750465850236,66.01,39.4
57,Male,0,1,1,19,Diabetes,22.7,7,5.1529902477072,43.05,52.0
18,Male,0,1,0,7,Lung Disease,23.3,0,4.881532364642178,26.51,66.5
